{
  "users": [
    {
      "id": "8016",
      "name": "Sarvesh T",
      "email": "24cse517@skcet.ac.in",
      "password": "123"
    },
    {
      "id": "838a",
      "name": "Sarvesh T",
      "email": "24cse517@skcet.ac.in",
      "password": "123"
    },
    {
      "id": "859e",
      "name": "Sarvesh T",
      "email": "24cse517@skcet.ac.in",
      "password": "123"
    },
    {
      "id": "f3eb",
      "name": "Sarvesh T",
      "email": "24cse517@skcet.ac.in",
      "password": "123"
    },
    {
      "id": "9f19",
      "name": "Aryan Y",
      "email": "727723eucs021@skcet.ac.in",
      "password": "ari"
    },
    {
      "id": "98d0",
      "name": "Sarvesh T",
      "email": "24cse517@skcet.ac.in",
      "password": "123"
    },
    {
      "id": "d9c9",
      "name": "sandy",
      "email": "727723eucs250@skcet.ac.in",
      "password": "12345678"
    }
  ]
}